-- phpMyAdmin SQL Dump
-- version 4.9.5
-- https://www.phpmyadmin.net/
--
-- Host: localhost:3306
-- Generation Time: Jul 13, 2021 at 03:48 PM
-- Server version: 10.3.16-MariaDB
-- PHP Version: 7.3.23

SET SQL_MODE = "NO_AUTO_VALUE_ON_ZERO";
SET AUTOCOMMIT = 0;
START TRANSACTION;
SET time_zone = "+00:00";


/*!40101 SET @OLD_CHARACTER_SET_CLIENT=@@CHARACTER_SET_CLIENT */;
/*!40101 SET @OLD_CHARACTER_SET_RESULTS=@@CHARACTER_SET_RESULTS */;
/*!40101 SET @OLD_COLLATION_CONNECTION=@@COLLATION_CONNECTION */;
/*!40101 SET NAMES utf8mb4 */;

--
-- Database: `id11520620_geoface`
--

-- --------------------------------------------------------

--
-- Table structure for table `continents`
--

CREATE TABLE `continents` (
  `code` char(2) NOT NULL COMMENT 'Continent code',
  `name` varchar(255) DEFAULT NULL
) ENGINE=InnoDB DEFAULT CHARSET=utf8 ROW_FORMAT=COMPACT;

--
-- Dumping data for table `continents`
--

INSERT INTO `continents` (`code`, `name`) VALUES
('AF', 'Africa'),
('AN', 'Antarctica'),
('AS', 'Asia'),
('EU', 'Europe'),
('NA', 'North America'),
('OC', 'Oceania'),
('SA', 'South America');

-- --------------------------------------------------------

--
-- Table structure for table `countries`
--

CREATE TABLE `countries` (
  `country_id` int(11) NOT NULL,
  `code` char(2) NOT NULL COMMENT 'Two-letter country code (ISO 3166-1 alpha-2)',
  `name` varchar(64) NOT NULL COMMENT 'English country name',
  `full_name` varchar(128) NOT NULL COMMENT 'Full English country name',
  `iso3` char(3) NOT NULL COMMENT 'Three-letter country code (ISO 3166-1 alpha-3)',
  `number` smallint(3) UNSIGNED ZEROFILL NOT NULL COMMENT 'Three-digit country number (ISO 3166-1 numeric)',
  `continent_code` char(2) NOT NULL,
  `display_order` int(3) NOT NULL DEFAULT 900
) ENGINE=InnoDB DEFAULT CHARSET=utf8 ROW_FORMAT=COMPACT;

--
-- Dumping data for table `countries`
--

INSERT INTO `countries` (`country_id`, `code`, `name`, `full_name`, `iso3`, `number`, `continent_code`, `display_order`) VALUES
(1, 'AD', 'Andorra', 'Principality of Andorra', 'AND', 020, 'EU', 7),
(2, 'AE', 'United Arab Emirates', 'United Arab Emirates', 'ARE', 784, 'AS', 232),
(3, 'AF', 'Afghanistan', 'Islamic Republic of Afghanistan', 'AFG', 004, 'AS', 3),
(4, 'AG', 'Antigua and Barbuda', 'Antigua and Barbuda', 'ATG', 028, 'NA', 11),
(5, 'AI', 'Anguilla', 'Anguilla', 'AIA', 660, 'NA', 9),
(6, 'AL', 'Albania', 'Republic of Albania', 'ALB', 008, 'EU', 4),
(7, 'AM', 'Armenia', 'Republic of Armenia', 'ARM', 051, 'AS', 13),
(8, 'AN', 'Netherlands Antilles', 'Netherlands Antilles', 'ANT', 530, 'NA', 157),
(9, 'AO', 'Angola', 'Republic of Angola', 'AGO', 024, 'AF', 8),
(10, 'AQ', 'Antarctica', 'Antarctica (the territory South of 60 deg S)', 'ATA', 010, 'AN', 10),
(11, 'AR', 'Argentina', 'Argentine Republic', 'ARG', 032, 'SA', 12),
(12, 'AS', 'American Samoa', 'American Samoa', 'ASM', 016, 'OC', 6),
(13, 'AT', 'Austria', 'Republic of Austria', 'AUT', 040, 'EU', 16),
(14, 'AU', 'Australia', 'Commonwealth of Australia', 'AUS', 036, 'OC', 15),
(15, 'AW', 'Aruba', 'Aruba', 'ABW', 533, 'NA', 14),
(16, 'AX', 'Åland', 'Åland Islands', 'ALA', 248, 'EU', 246),
(17, 'AZ', 'Azerbaijan', 'Republic of Azerbaijan', 'AZE', 031, 'AS', 17),
(18, 'BA', 'Bosnia and Herzegovina', 'Bosnia and Herzegovina', 'BIH', 070, 'EU', 29),
(19, 'BB', 'Barbados', 'Barbados', 'BRB', 052, 'NA', 21),
(20, 'BD', 'Bangladesh', 'People\'s Republic of Bangladesh', 'BGD', 050, 'AS', 20),
(21, 'BE', 'Belgium', 'Kingdom of Belgium', 'BEL', 056, 'EU', 23),
(22, 'BF', 'Burkina Faso', 'Burkina Faso', 'BFA', 854, 'AF', 37),
(23, 'BG', 'Bulgaria', 'Republic of Bulgaria', 'BGR', 100, 'EU', 36),
(24, 'BH', 'Bahrain', 'Kingdom of Bahrain', 'BHR', 048, 'AS', 19),
(25, 'BI', 'Burundi', 'Republic of Burundi', 'BDI', 108, 'AF', 38),
(26, 'BJ', 'Benin', 'Republic of Benin', 'BEN', 204, 'AF', 25),
(27, 'BL', 'Saint Barthélemy', 'Saint Barthelemy', 'BLM', 652, 'NA', 185),
(28, 'BM', 'Bermuda', 'Bermuda', 'BMU', 060, 'NA', 26),
(29, 'BN', 'Brunei Darussalam', 'Brunei Darussalam', 'BRN', 096, 'AS', 35),
(30, 'BO', 'Bolivia', 'Republic of Bolivia', 'BOL', 068, 'SA', 28),
(31, 'BR', 'Brazil', 'Federative Republic of Brazil', 'BRA', 076, 'SA', 32),
(32, 'BS', 'Bahamas', 'Commonwealth of the Bahamas', 'BHS', 044, 'NA', 18),
(33, 'BT', 'Bhutan', 'Kingdom of Bhutan', 'BTN', 064, 'AS', 27),
(34, 'BV', 'Bouvet Island', 'Bouvet Island (Bouvetoya)', 'BVT', 074, 'AN', 31),
(35, 'BW', 'Botswana', 'Republic of Botswana', 'BWA', 072, 'AF', 30),
(36, 'BY', 'Belarus', 'Republic of Belarus', 'BLR', 112, 'EU', 22),
(37, 'BZ', 'Belize', 'Belize', 'BLZ', 084, 'NA', 24),
(38, 'CA', 'Canada', 'Canada', 'CAN', 124, 'NA', 2),
(39, 'CC', 'Cocos (Keeling) Islands', 'Cocos (Keeling) Islands', 'CCK', 166, 'AS', 48),
(40, 'CD', 'Congo (Kinshasa)', 'Democratic Republic of the Congo', 'COD', 180, 'AF', 51),
(41, 'CF', 'Central African Republic', 'Central African Republic', 'CAF', 140, 'AF', 43),
(42, 'CG', 'Congo (Brazzaville)', 'Republic of the Congo', 'COG', 178, 'AF', 52),
(43, 'CH', 'Switzerland', 'Swiss Confederation', 'CHE', 756, 'EU', 214),
(44, 'CI', 'Côte d\'Ivoire', 'Republic of Cote d\'Ivoire', 'CIV', 384, 'AF', 55),
(45, 'CK', 'Cook Islands', 'Cook Islands', 'COK', 184, 'OC', 53),
(46, 'CL', 'Chile', 'Republic of Chile', 'CHL', 152, 'SA', 45),
(47, 'CM', 'Cameroon', 'Republic of Cameroon', 'CMR', 120, 'AF', 40),
(48, 'CN', 'China', 'People\'s Republic of China', 'CHN', 156, 'AS', 46),
(49, 'CO', 'Colombia', 'Republic of Colombia', 'COL', 170, 'SA', 49),
(50, 'CR', 'Costa Rica', 'Republic of Costa Rica', 'CRI', 188, 'NA', 54),
(51, 'CU', 'Cuba', 'Republic of Cuba', 'CUB', 192, 'NA', 57),
(52, 'CV', 'Cape Verde', 'Republic of Cape Verde', 'CPV', 132, 'AF', 41),
(53, 'CX', 'Christmas Island', 'Christmas Island', 'CXR', 162, 'AS', 47),
(54, 'CY', 'Cyprus', 'Republic of Cyprus', 'CYP', 196, 'AS', 58),
(55, 'CZ', 'Czech Republic', 'Czech Republic', 'CZE', 203, 'EU', 59),
(56, 'DE', 'Germany', 'Federal Republic of Germany', 'DEU', 276, 'EU', 82),
(57, 'DJ', 'Djibouti', 'Republic of Djibouti', 'DJI', 262, 'AF', 61),
(58, 'DK', 'Denmark', 'Kingdom of Denmark', 'DNK', 208, 'EU', 60),
(59, 'DM', 'Dominica', 'Commonwealth of Dominica', 'DMA', 212, 'NA', 62),
(60, 'DO', 'Dominican Republic', 'Dominican Republic', 'DOM', 214, 'NA', 63),
(61, 'DZ', 'Algeria', 'People\'s Democratic Republic of Algeria', 'DZA', 012, 'AF', 5),
(62, 'EC', 'Ecuador', 'Republic of Ecuador', 'ECU', 218, 'SA', 64),
(63, 'EE', 'Estonia', 'Republic of Estonia', 'EST', 233, 'EU', 69),
(64, 'EG', 'Egypt', 'Arab Republic of Egypt', 'EGY', 818, 'AF', 65),
(65, 'EH', 'Western Sahara', 'Western Sahara', 'ESH', 732, 'AF', 242),
(66, 'ER', 'Eritrea', 'State of Eritrea', 'ERI', 232, 'AF', 68),
(67, 'ES', 'Spain', 'Kingdom of Spain', 'ESP', 724, 'EU', 207),
(68, 'ET', 'Ethiopia', 'Federal Democratic Republic of Ethiopia', 'ETH', 231, 'AF', 70),
(69, 'FI', 'Finland', 'Republic of Finland', 'FIN', 246, 'EU', 74),
(70, 'FJ', 'Fiji', 'Republic of the Fiji Islands', 'FJI', 242, 'OC', 73),
(71, 'FK', 'Falkland Islands', 'Falkland Islands (Malvinas)', 'FLK', 238, 'SA', 71),
(72, 'FM', 'Micronesia', 'Federated States of Micronesia', 'FSM', 583, 'OC', 144),
(73, 'FO', 'Faroe Islands', 'Faroe Islands', 'FRO', 234, 'EU', 72),
(74, 'FR', 'France', 'French Republic', 'FRA', 250, 'EU', 75),
(75, 'GA', 'Gabon', 'Gabonese Republic', 'GAB', 266, 'AF', 79),
(76, 'GB', 'United Kingdom', 'United Kingdom of Great Britain & Northern Ireland', 'GBR', 826, 'EU', 233),
(77, 'GD', 'Grenada', 'Grenada', 'GRD', 308, 'NA', 87),
(78, 'GE', 'Georgia', 'Georgia', 'GEO', 268, 'AS', 81),
(79, 'GF', 'French Guiana', 'French Guiana', 'GUF', 254, 'SA', 76),
(80, 'GG', 'Guernsey', 'Bailiwick of Guernsey', 'GGY', 831, 'EU', 91),
(81, 'GH', 'Ghana', 'Republic of Ghana', 'GHA', 288, 'AF', 83),
(82, 'GI', 'Gibraltar', 'Gibraltar', 'GIB', 292, 'EU', 84),
(83, 'GL', 'Greenland', 'Greenland', 'GRL', 304, 'NA', 86),
(84, 'GM', 'Gambia', 'Republic of the Gambia', 'GMB', 270, 'AF', 80),
(85, 'GN', 'Guinea', 'Republic of Guinea', 'GIN', 324, 'AF', 92),
(86, 'GP', 'Guadeloupe', 'Guadeloupe', 'GLP', 312, 'NA', 88),
(87, 'GQ', 'Equatorial Guinea', 'Republic of Equatorial Guinea', 'GNQ', 226, 'AF', 67),
(88, 'GR', 'Greece', 'Hellenic Republic Greece', 'GRC', 300, 'EU', 85),
(89, 'GS', 'South Georgia and South Sandwich Islands', 'South Georgia and the South Sandwich Islands', 'SGS', 239, 'AN', 206),
(90, 'GT', 'Guatemala', 'Republic of Guatemala', 'GTM', 320, 'NA', 90),
(91, 'GU', 'Guam', 'Guam', 'GUM', 316, 'OC', 89),
(92, 'GW', 'Guinea-Bissau', 'Republic of Guinea-Bissau', 'GNB', 624, 'AF', 93),
(93, 'GY', 'Guyana', 'Co-operative Republic of Guyana', 'GUY', 328, 'SA', 94),
(94, 'HK', 'Hong Kong', 'Hong Kong Special Administrative Region of China', 'HKG', 344, 'AS', 99),
(95, 'HM', 'Heard and McDonald Islands', 'Heard Island and McDonald Islands', 'HMD', 334, 'AN', 96),
(96, 'HN', 'Honduras', 'Republic of Honduras', 'HND', 340, 'NA', 98),
(97, 'HR', 'Croatia', 'Republic of Croatia', 'HRV', 191, 'EU', 56),
(98, 'HT', 'Haiti', 'Republic of Haiti', 'HTI', 332, 'NA', 95),
(99, 'HU', 'Hungary', 'Republic of Hungary', 'HUN', 348, 'EU', 100),
(100, 'ID', 'Indonesia', 'Republic of Indonesia', 'IDN', 360, 'AS', 103),
(101, 'IE', 'Ireland', 'Ireland', 'IRL', 372, 'EU', 106),
(102, 'IL', 'Israel', 'State of Israel', 'ISR', 376, 'AS', 108),
(103, 'IM', 'Isle of Man', 'Isle of Man', 'IMN', 833, 'EU', 107),
(104, 'IN', 'India', 'Republic of India', 'IND', 356, 'AS', 102),
(105, 'IO', 'British Indian Ocean Territory', 'British Indian Ocean Territory (Chagos Archipelago)', 'IOT', 086, 'AS', 33),
(106, 'IQ', 'Iraq', 'Republic of Iraq', 'IRQ', 368, 'AS', 105),
(107, 'IR', 'Iran', 'Islamic Republic of Iran', 'IRN', 364, 'AS', 104),
(108, 'IS', 'Iceland', 'Republic of Iceland', 'ISL', 352, 'EU', 101),
(109, 'IT', 'Italy', 'Italian Republic', 'ITA', 380, 'EU', 109),
(110, 'JE', 'Jersey', 'Bailiwick of Jersey', 'JEY', 832, 'EU', 112),
(111, 'JM', 'Jamaica', 'Jamaica', 'JAM', 388, 'NA', 110),
(112, 'JO', 'Jordan', 'Hashemite Kingdom of Jordan', 'JOR', 400, 'AS', 113),
(113, 'JP', 'Japan', 'Japan', 'JPN', 392, 'AS', 111),
(114, 'KE', 'Kenya', 'Republic of Kenya', 'KEN', 404, 'AF', 115),
(115, 'KG', 'Kyrgyzstan', 'Kyrgyz Republic', 'KGZ', 417, 'AS', 120),
(116, 'KH', 'Cambodia', 'Kingdom of Cambodia', 'KHM', 116, 'AS', 39),
(117, 'KI', 'Kiribati', 'Republic of Kiribati', 'KIR', 296, 'OC', 116),
(118, 'KM', 'Comoros', 'Union of the Comoros', 'COM', 174, 'AF', 50),
(119, 'KN', 'Saint Kitts and Nevis', 'Federation of Saint Kitts and Nevis', 'KNA', 659, 'NA', 187),
(120, 'KP', 'Korea, North', 'Democratic People\'s Republic of Korea', 'PRK', 408, 'AS', 117),
(121, 'KR', 'Korea, South', 'Republic of Korea', 'KOR', 410, 'AS', 118),
(122, 'KW', 'Kuwait', 'State of Kuwait', 'KWT', 414, 'AS', 119),
(123, 'KY', 'Cayman Islands', 'Cayman Islands', 'CYM', 136, 'NA', 42),
(124, 'KZ', 'Kazakhstan', 'Republic of Kazakhstan', 'KAZ', 398, 'AS', 114),
(125, 'LA', 'Laos', 'Lao People\'s Democratic Republic', 'LAO', 418, 'AS', 121),
(126, 'LB', 'Lebanon', 'Lebanese Republic', 'LBN', 422, 'AS', 123),
(127, 'LC', 'Saint Lucia', 'Saint Lucia', 'LCA', 662, 'NA', 188),
(128, 'LI', 'Liechtenstein', 'Principality of Liechtenstein', 'LIE', 438, 'EU', 127),
(129, 'LK', 'Sri Lanka', 'Democratic Socialist Republic of Sri Lanka', 'LKA', 144, 'AS', 208),
(130, 'LR', 'Liberia', 'Republic of Liberia', 'LBR', 430, 'AF', 125),
(131, 'LS', 'Lesotho', 'Kingdom of Lesotho', 'LSO', 426, 'AF', 124),
(132, 'LT', 'Lithuania', 'Republic of Lithuania', 'LTU', 440, 'EU', 128),
(133, 'LU', 'Luxembourg', 'Grand Duchy of Luxembourg', 'LUX', 442, 'EU', 129),
(134, 'LV', 'Latvia', 'Republic of Latvia', 'LVA', 428, 'EU', 122),
(135, 'LY', 'Libya', 'Libyan Arab Jamahiriya', 'LBY', 434, 'AF', 126),
(136, 'MA', 'Morocco', 'Kingdom of Morocco', 'MAR', 504, 'AF', 150),
(137, 'MC', 'Monaco', 'Principality of Monaco', 'MCO', 492, 'EU', 146),
(138, 'MD', 'Moldova', 'Republic of Moldova', 'MDA', 498, 'EU', 145),
(139, 'ME', 'Montenegro', 'Republic of Montenegro', 'MNE', 499, 'EU', 148),
(140, 'MF', 'Saint Martin (French part)', 'Saint Martin', 'MAF', 663, 'NA', 189),
(141, 'MG', 'Madagascar', 'Republic of Madagascar', 'MDG', 450, 'AF', 132),
(142, 'MH', 'Marshall Islands', 'Republic of the Marshall Islands', 'MHL', 584, 'OC', 138),
(143, 'MK', 'Macedonia', 'Republic of Macedonia', 'MKD', 807, 'EU', 131),
(144, 'ML', 'Mali', 'Republic of Mali', 'MLI', 466, 'AF', 136),
(145, 'MM', 'Myanmar', 'Union of Myanmar', 'MMR', 104, 'AS', 152),
(146, 'MN', 'Mongolia', 'Mongolia', 'MNG', 496, 'AS', 147),
(147, 'MO', 'Macau', 'Macao Special Administrative Region of China', 'MAC', 446, 'AS', 130),
(148, 'MP', 'Northern Mariana Islands', 'Commonwealth of the Northern Mariana Islands', 'MNP', 580, 'OC', 165),
(149, 'MQ', 'Martinique', 'Martinique', 'MTQ', 474, 'NA', 139),
(150, 'MR', 'Mauritania', 'Islamic Republic of Mauritania', 'MRT', 478, 'AF', 140),
(151, 'MS', 'Montserrat', 'Montserrat', 'MSR', 500, 'NA', 149),
(152, 'MT', 'Malta', 'Republic of Malta', 'MLT', 470, 'EU', 137),
(153, 'MU', 'Mauritius', 'Republic of Mauritius', 'MUS', 480, 'AF', 141),
(154, 'MV', 'Maldives', 'Republic of Maldives', 'MDV', 462, 'AS', 135),
(155, 'MW', 'Malawi', 'Republic of Malawi', 'MWI', 454, 'AF', 133),
(156, 'MX', 'Mexico', 'United Mexican States', 'MEX', 484, 'NA', 143),
(157, 'MY', 'Malaysia', 'Malaysia', 'MYS', 458, 'AS', 134),
(158, 'MZ', 'Mozambique', 'Republic of Mozambique', 'MOZ', 508, 'AF', 151),
(159, 'NA', 'Namibia', 'Republic of Namibia', 'NAM', 516, 'AF', 153),
(160, 'NC', 'New Caledonia', 'New Caledonia', 'NCL', 540, 'OC', 158),
(161, 'NE', 'Niger', 'Republic of Niger', 'NER', 562, 'AF', 161),
(162, 'NF', 'Norfolk Island', 'Norfolk Island', 'NFK', 574, 'OC', 164),
(163, 'NG', 'Nigeria', 'Federal Republic of Nigeria', 'NGA', 566, 'AF', 162),
(164, 'NI', 'Nicaragua', 'Republic of Nicaragua', 'NIC', 558, 'NA', 160),
(165, 'NL', 'Netherlands', 'Kingdom of the Netherlands', 'NLD', 528, 'EU', 156),
(166, 'NO', 'Norway', 'Kingdom of Norway', 'NOR', 578, 'EU', 166),
(167, 'NP', 'Nepal', 'State of Nepal', 'NPL', 524, 'AS', 155),
(168, 'NR', 'Nauru', 'Republic of Nauru', 'NRU', 520, 'OC', 154),
(169, 'NU', 'Niue', 'Niue', 'NIU', 570, 'OC', 163),
(170, 'NZ', 'New Zealand', 'New Zealand', 'NZL', 554, 'OC', 159),
(171, 'OM', 'Oman', 'Sultanate of Oman', 'OMN', 512, 'AS', 167),
(172, 'PA', 'Panama', 'Republic of Panama', 'PAN', 591, 'NA', 171),
(173, 'PE', 'Peru', 'Republic of Peru', 'PER', 604, 'SA', 174),
(174, 'PF', 'French Polynesia', 'French Polynesia', 'PYF', 258, 'OC', 77),
(175, 'PG', 'Papua New Guinea', 'Independent State of Papua New Guinea', 'PNG', 598, 'OC', 172),
(176, 'PH', 'Philippines', 'Republic of the Philippines', 'PHL', 608, 'AS', 175),
(177, 'PK', 'Pakistan', 'Islamic Republic of Pakistan', 'PAK', 586, 'AS', 168),
(178, 'PL', 'Poland', 'Republic of Poland', 'POL', 616, 'EU', 177),
(179, 'PM', 'Saint Pierre and Miquelon', 'Saint Pierre and Miquelon', 'SPM', 666, 'NA', 190),
(180, 'PN', 'Pitcairn', 'Pitcairn Islands', 'PCN', 612, 'OC', 176),
(181, 'PR', 'Puerto Rico', 'Commonwealth of Puerto Rico', 'PRI', 630, 'NA', 179),
(182, 'PS', 'Palestine', 'Occupied Palestinian Territory', 'PSE', 275, 'AS', 170),
(183, 'PT', 'Portugal', 'Portuguese Republic', 'PRT', 620, 'EU', 178),
(184, 'PW', 'Palau', 'Republic of Palau', 'PLW', 585, 'OC', 169),
(185, 'PY', 'Paraguay', 'Republic of Paraguay', 'PRY', 600, 'SA', 173),
(186, 'QA', 'Qatar', 'State of Qatar', 'QAT', 634, 'AS', 180),
(187, 'RE', 'Reunion', 'Reunion', 'REU', 638, 'AF', 181),
(188, 'RO', 'Romania', 'Romania', 'ROU', 642, 'EU', 182),
(189, 'RS', 'Serbia', 'Republic of Serbia', 'SRB', 688, 'EU', 197),
(190, 'RU', 'Russian Federation', 'Russian Federation', 'RUS', 643, 'EU', 183),
(191, 'RW', 'Rwanda', 'Republic of Rwanda', 'RWA', 646, 'AF', 184),
(192, 'SA', 'Saudi Arabia', 'Kingdom of Saudi Arabia', 'SAU', 682, 'AS', 195),
(193, 'SB', 'Solomon Islands', 'Solomon Islands', 'SLB', 090, 'OC', 203),
(194, 'SC', 'Seychelles', 'Republic of Seychelles', 'SYC', 690, 'AF', 198),
(195, 'SD', 'Sudan', 'Republic of Sudan', 'SDN', 736, 'AF', 209),
(196, 'SE', 'Sweden', 'Kingdom of Sweden', 'SWE', 752, 'EU', 213),
(197, 'SG', 'Singapore', 'Republic of Singapore', 'SGP', 702, 'AS', 200),
(198, 'SH', 'Saint Helena', 'Saint Helena', 'SHN', 654, 'AF', 186),
(199, 'SI', 'Slovenia', 'Republic of Slovenia', 'SVN', 705, 'EU', 202),
(200, 'SJ', 'Svalbard and Jan Mayen Islands', 'Svalbard & Jan Mayen Islands', 'SJM', 744, 'EU', 211),
(201, 'SK', 'Slovakia', 'Slovakia (Slovak Republic)', 'SVK', 703, 'EU', 201),
(202, 'SL', 'Sierra Leone', 'Republic of Sierra Leone', 'SLE', 694, 'AF', 199),
(203, 'SM', 'San Marino', 'Republic of San Marino', 'SMR', 674, 'EU', 193),
(204, 'SN', 'Senegal', 'Republic of Senegal', 'SEN', 686, 'AF', 196),
(205, 'SO', 'Somalia', 'Somali Republic', 'SOM', 706, 'AF', 204),
(206, 'SR', 'Suriname', 'Republic of Suriname', 'SUR', 740, 'SA', 210),
(207, 'ST', 'Sao Tome and Principe', 'Democratic Republic of Sao Tome and Principe', 'STP', 678, 'AF', 194),
(208, 'SV', 'El Salvador', 'Republic of El Salvador', 'SLV', 222, 'NA', 66),
(209, 'SY', 'Syria', 'Syrian Arab Republic', 'SYR', 760, 'AS', 215),
(210, 'SZ', 'Swaziland', 'Kingdom of Swaziland', 'SWZ', 748, 'AF', 212),
(211, 'TC', 'Turks and Caicos Islands', 'Turks and Caicos Islands', 'TCA', 796, 'NA', 228),
(212, 'TD', 'Chad', 'Republic of Chad', 'TCD', 148, 'AF', 44),
(213, 'TF', 'French Southern Lands', 'French Southern Territories', 'ATF', 260, 'AN', 78),
(214, 'TG', 'Togo', 'Togolese Republic', 'TGO', 768, 'AF', 221),
(215, 'TH', 'Thailand', 'Kingdom of Thailand', 'THA', 764, 'AS', 219),
(216, 'TJ', 'Tajikistan', 'Republic of Tajikistan', 'TJK', 762, 'AS', 217),
(217, 'TK', 'Tokelau', 'Tokelau', 'TKL', 772, 'OC', 222),
(218, 'TL', 'Timor-Leste', 'Democratic Republic of Timor-Leste', 'TLS', 626, 'AS', 220),
(219, 'TM', 'Turkmenistan', 'Turkmenistan', 'TKM', 795, 'AS', 227),
(220, 'TN', 'Tunisia', 'Tunisian Republic', 'TUN', 788, 'AF', 225),
(221, 'TO', 'Tonga', 'Kingdom of Tonga', 'TON', 776, 'OC', 223),
(222, 'TR', 'Turkey', 'Republic of Turkey', 'TUR', 792, 'AS', 226),
(223, 'TT', 'Trinidad and Tobago', 'Republic of Trinidad and Tobago', 'TTO', 780, 'NA', 224),
(224, 'TV', 'Tuvalu', 'Tuvalu', 'TUV', 798, 'OC', 229),
(225, 'TW', 'Taiwan', 'Taiwan', 'TWN', 158, 'AS', 216),
(226, 'TZ', 'Tanzania', 'United Republic of Tanzania', 'TZA', 834, 'AF', 218),
(227, 'UA', 'Ukraine', 'Ukraine', 'UKR', 804, 'EU', 231),
(228, 'UG', 'Uganda', 'Republic of Uganda', 'UGA', 800, 'AF', 230),
(229, 'UM', 'United States Minor Outlying Islands', 'United States Minor Outlying Islands', 'UMI', 581, 'OC', 234),
(230, 'US', 'United States of America', 'United States of America', 'USA', 840, 'NA', 1),
(231, 'UY', 'Uruguay', 'Eastern Republic of Uruguay', 'URY', 858, 'SA', 236),
(232, 'UZ', 'Uzbekistan', 'Republic of Uzbekistan', 'UZB', 860, 'AS', 237),
(233, 'VA', 'Vatican City', 'Holy See (Vatican City State)', 'VAT', 336, 'EU', 97),
(234, 'VC', 'Saint Vincent and the Grenadines', 'Saint Vincent and the Grenadines', 'VCT', 670, 'NA', 191),
(235, 'VE', 'Venezuela', 'Bolivarian Republic of Venezuela', 'VEN', 862, 'SA', 239),
(236, 'VG', 'Virgin Islands, British', 'British Virgin Islands', 'VGB', 092, 'NA', 34),
(237, 'VI', 'Virgin Islands, U.S.', 'United States Virgin Islands', 'VIR', 850, 'NA', 235),
(238, 'VN', 'Vietnam', 'Socialist Republic of Vietnam', 'VNM', 704, 'AS', 240),
(239, 'VU', 'Vanuatu', 'Republic of Vanuatu', 'VUT', 548, 'OC', 238),
(240, 'WF', 'Wallis and Futuna Islands', 'Wallis and Futuna', 'WLF', 876, 'OC', 241),
(241, 'WS', 'Samoa', 'Independent State of Samoa', 'WSM', 882, 'OC', 192),
(242, 'YE', 'Yemen', 'Yemen', 'YEM', 887, 'AS', 243),
(243, 'YT', 'Mayotte', 'Mayotte', 'MYT', 175, 'AF', 142),
(244, 'ZA', 'South Africa', 'Republic of South Africa', 'ZAF', 710, 'AF', 205),
(245, 'ZM', 'Zambia', 'Republic of Zambia', 'ZMB', 894, 'AF', 244),
(246, 'ZW', 'Zimbabwe', 'Republic of Zimbabwe', 'ZWE', 716, 'AF', 245);

-- --------------------------------------------------------

--
-- Table structure for table `people`
--

CREATE TABLE `people` (
  `id` int(11) NOT NULL,
  `Username` text NOT NULL,
  `Password` text NOT NULL,
  `email` text NOT NULL,
  `Country` text NOT NULL,
  `pic_path` text NOT NULL,
  `score` int(11) NOT NULL
) ENGINE=InnoDB DEFAULT CHARSET=utf8;

--
-- Dumping data for table `people`
--

INSERT INTO `people` (`id`, `Username`, `Password`, `email`, `Country`, `pic_path`, `score`) VALUES
(8, 'alessandro', '$2y$10$PbPn7QpfMBFmd/Fvz0ag8e8Vf3c6MJkTQ.XIt6jx.9FmYL4cYYLg2', 'alearsenio@gmail.com', 'Antigua and Barbuda', 'alessandro.jpeg', 9),
(11, 'chan', '$2y$10$F70FzIbIv/SY2BPFTV6n3.7uuQbz0cwtWlHAWJj6Pis.WQ4pPCsBa', 'ciao@gmail.com', 'China', 'chan.jpeg', 0),
(12, 'korean', '$2y$10$/4dbxgACs5e6ClOwM3ajcuFCo6768JAAaFfnufYb.6ORaimljcd7m', 'ciao@gmail.com', 'Korea, South', 'korean.jpeg', 0),
(14, 'brasilian', '$2y$10$SQeOS/etm1QQe9VT/kwz8OT3znOkCT8YtVzbYDKiu0khBbpsFZ9B6', 'ciao@gmail.com', 'Brazil', 'brasilian.jpeg', 5),
(15, 'cameriere', '$2y$10$kD9Mo5xgtlRiZnKgqxXYAOSJEumUvPPmT8JyZ4216Dy0GebXvZurO', 'cameriere@gmail.com', 'Philippines', 'cameriere.jpeg', 0),
(16, 'francese', '$2y$10$us7b32vh8Ymkkn.KR6JVXeOXoJVhiMMW5yIYmOap/JZQmfIPKAQNC', 'fra@gmail.com', 'France', 'francese.jpeg', 0),
(17, 'messicano', '$2y$10$p.R4GRPD67/mHySFongZ/uRgFjokFFbzCuSQ/LCTDhRDA.Gi9VjFW', 'mex@gmail.com', 'Mexico', 'messicano.jpeg', 0),
(18, 'irish', '$2y$10$1GC11Rhv9ROekGg0GFy2.uFYMMZKBBnKzhzeJp5Ct7NnM1WcRYqQu', 'irish@gmail.com', 'Ireland', 'irish.jpeg', 4),
(19, 'russian', '$2y$10$lTavXaOQDVmnQzIqHEGxuOKs8xLnLBO.QKkUVf7P7oEdT7WtiTY4u', 'russian@gmail.com', 'Russian Federation', 'russian.jpeg', 0),
(20, 'danish', '$2y$10$mx1.os7bhlbAtbygS513YO6UEjOXEh9HIWOU1xdK6MA9lC7SE.d8i', 'danish@gmail.com', 'Netherlands', 'danish.jpeg', 0),
(21, 'australian', '$2y$10$wIeXAaQUZFEixHFVzFrwP.GiRlyvMyFI/guYRpC6Bn2O1jl8nUGhW', 'aust@gmail.com', 'Australia', 'australian.jpeg', 0),
(22, 'iranian', '$2y$10$MZdakmfDx3ycfzL7wa5ABOy6gvTR5KcVlusTImPFuFXPtEK7ZK.EK', 'iranian@gmail.com', 'Iran', 'iranian.jpeg', 0),
(23, 'moroccan', '$2y$10$th8hA.ZTCU.TiVGdKbX3ku5/6mCU9NST0a.0mhvm3JTwTgN8Oaxvq', 'mor@gmail.com', 'Morocco', 'moroccan.jpeg', 6),
(24, 'kenyan', '$2y$10$aeHw.jegqACnycjzf6k0D.XDECzfIDo9kmM4/KoOWLFGh2M3IGEBC', 'kenyan@gmail.com', 'Kenya', 'kenyan.jpeg', 0),
(25, 'grec', '$2y$10$csPIiD0NP1Meer1.4kd8puQdXZ2tcaIftRIKgncCM1DikFQ0e5Quq', 'grec@gmail.com', 'Greece', 'grec.jpeg', 0),
(26, 'arg', '$2y$10$TBD.pI5syJ0y7yvioSz2tOds80Reif97RzzhYTwZ3ovEMFFlWRPvi', 'arg@gmail.com', 'Argentina', 'arg.jpeg', 0),
(27, 'thai', '$2y$10$AxvEy6IAQokwT8JaSCHO.e67jpcmW.9OFMDJsMs0X/1KGEOY7knVm', 'thai@gmail.com', 'Thailand', 'thai.jpeg', 2),
(28, 'italian', '$2y$10$HpSNmO6Ml61DpE.nd3bQ8uKALpjwHQMpucVlix9rKvvZBbtHQLJu2', 'ita@gmail.com', 'Italy', 'italian.jpeg', 4);

-- --------------------------------------------------------

--
-- Table structure for table `votes`
--

CREATE TABLE `votes` (
  `id` int(11) NOT NULL,
  `person1` text NOT NULL,
  `country` text NOT NULL,
  `person2` text NOT NULL
) ENGINE=InnoDB DEFAULT CHARSET=utf8;

--
-- Dumping data for table `votes`
--

INSERT INTO `votes` (`id`, `person1`, `country`, `person2`) VALUES
(1138, 'brasilian', 'Brazil', 'alessandro'),
(1139, 'RubenCast', 'Antarctica', 'alessandro'),
(1140, 'chan', 'China', 'alessandro'),
(1141, 'korean', 'Myanmar', 'alessandro'),
(1142, 'alessandro', 'Cayman Islands', 'alessandro'),
(1143, 'alessandro', 'Antigua and Barbuda', 'alessandro'),
(1144, 'alessandro', 'Ireland', 'alessandro'),
(1145, 'chan', 'China', 'alessandro'),
(1146, 'korean', 'Saudi Arabia', 'alessandro'),
(1147, 'alessandro', 'Antigua and Barbuda', 'alessandro'),
(1148, 'giacomo', 'Colombia', 'alessandro'),
(1149, 'giacomo', 'Bolivia', 'alessandro'),
(1150, 'giacomo', 'Colombia', 'alessandro'),
(1151, 'giacomo', 'Paraguay', 'alessandro'),
(1152, 'RubenCast', 'Antarctica', 'alessandro'),
(1153, 'giacomo', 'Chile', 'alessandro'),
(1154, 'alessandro', 'Montserrat', 'alessandro'),
(1155, 'RubenCast', 'Vatican City', 'alessandro'),
(1156, 'alessandro', 'Antigua and Barbuda', 'giacomo'),
(1157, 'korean', 'Korea, South', 'giacomo'),
(1158, 'RubenCast', 'Heard and McDonald Islands', 'giacomo'),
(1159, 'korean', 'China', 'giacomo'),
(1160, 'alessandro', 'Antigua and Barbuda', 'giacomo'),
(1161, 'chan', 'China', 'giacomo'),
(1162, 'RubenCast', 'Antarctica', 'giacomo'),
(1163, 'korean', 'Korea, South', 'giacomo'),
(1164, 'korean', 'Korea, South', 'giacomo'),
(1165, 'chan', 'China', 'giacomo'),
(1166, 'chan', 'Belgium', 'giacomo'),
(1167, 'brasilian', 'Bolivia', 'giacomo'),
(1168, 'brasilian', 'Argentina', 'giacomo'),
(1169, 'alessandro', 'Barbados', 'giacomo'),
(1170, 'alessandro', 'Antigua and Barbuda', 'giacomo'),
(1171, 'brasilian', 'Brazil', 'giacomo'),
(1172, 'giacomo', 'Argentina', 'giacomo'),
(1173, 'RubenCast', 'Antarctica', 'giacomo'),
(1174, 'alessandro', 'Antigua and Barbuda', 'giacomo'),
(1175, 'RubenCast', 'Antarctica', 'giacomo'),
(1176, 'korean', 'Korea, South', 'giacomo'),
(1177, 'giacomo', 'Saint Barthélemy', 'giacomo'),
(1178, 'giacomo', 'Argentina', 'alessandro'),
(1179, 'giacomo', 'Argentina', 'alessandro'),
(1180, 'RubenCast', 'Bouvet Island', 'alessandro'),
(1181, 'chan', 'China', 'alessandro'),
(1182, 'alessandro', 'Haiti', 'alessandro'),
(1183, 'RubenCast', 'South Georgia and South Sandwich Islands', 'alessandro'),
(1184, 'korean', 'Korea, South', 'alessandro'),
(1185, 'brasilian', 'Brazil', 'alessandro'),
(1186, 'chan', 'China', 'alessandro'),
(1187, 'alessandro', 'Bahamas', 'alessandro'),
(1188, 'alessandro', 'Macau', 'alessandro'),
(1189, 'giacomo', 'Argentina', 'alessandro'),
(1190, 'chan', 'China', 'alessandro'),
(1191, 'brasilian', 'Brazil', 'alessandro'),
(1192, 'alessandro', 'Antigua and Barbuda', 'alessandro'),
(1193, 'korean', 'Nepal', 'alessandro'),
(1194, 'alessandro', 'Belize', 'alessandro'),
(1195, 'chan', 'China', 'alessandro'),
(1196, 'brasilian', 'Brazil', 'alessandro'),
(1197, 'chan', 'China', 'alessandro'),
(1198, 'RubenCast', 'Antarctica', 'alessandro'),
(1199, 'brasilian', 'Guadeloupe', 'alessandro'),
(1200, 'RubenCast', 'Heard and McDonald Islands', 'alessandro'),
(1201, 'giacomo', 'Monaco', 'alessandro'),
(1202, 'korean', 'Yemen', 'alessandro'),
(1203, 'korean', 'Armenia', 'alessandro'),
(1204, 'giacomo', 'Hong Kong', 'alessandro'),
(1205, 'alessandro', 'Antigua and Barbuda', 'alessandro'),
(1206, 'chan', 'Mongolia', 'alessandro'),
(1207, 'korean', 'Kyrgyzstan', 'alessandro'),
(1208, 'chan', 'Italy', 'alessandro'),
(1209, 'chan', 'Saint Martin (French part)', 'alessandro'),
(1210, 'chan', 'China', 'alessandro'),
(1211, 'RubenCast', 'Bouvet Island', 'alessandro'),
(1212, 'brasilian', 'Argentina', 'alessandro'),
(1213, 'chan', 'Turkey', 'alessandro'),
(1214, 'chan', 'Belize', 'alessandro'),
(1215, 'RubenCast', 'Bouvet Island', 'alessandro'),
(1216, 'chan', 'Bosnia and Herzegovina', 'alessandro'),
(1217, 'korean', 'Maldives', 'alessandro'),
(1218, 'chan', 'China', 'alessandro'),
(1219, 'chan', 'China', 'alessandro'),
(1220, 'alessandro', 'Dominican Republic', 'alessandro'),
(1221, 'brasilian', 'Peru', 'alessandro'),
(1222, 'chan', 'Comoros', 'alessandro'),
(1223, 'brasilian', 'Falkland Islands', 'alessandro'),
(1224, 'chan', 'Gambia', 'alessandro'),
(1225, 'brasilian', 'Peru', 'alessandro'),
(1226, 'RubenCast', 'South Georgia and South Sandwich Islands', 'alessandro'),
(1227, 'alessandro', 'Saint Barthélemy', 'alessandro'),
(1228, 'brasilian', 'Dominica', 'alessandro'),
(1229, 'giacomo', 'Swaziland', 'alessandro'),
(1230, 'giacomo', 'Paraguay', 'alessandro'),
(1231, 'alessandro', 'Honduras', 'alessandro'),
(1232, 'giacomo', 'Ecuador', 'alessandro'),
(1233, 'brasilian', 'Guyana', 'alessandro'),
(1234, 'korean', 'Philippines', 'alessandro'),
(1235, 'alessandro', 'Panama', 'alessandro'),
(1236, 'alessandro', 'Nicaragua', 'alessandro'),
(1237, 'RubenCast', 'Antarctica', 'alessandro'),
(1238, 'RubenCast', 'Azerbaijan', 'alessandro'),
(1239, 'alessandro', 'Mauritania', 'alessandro'),
(1240, 'brasilian', 'Paraguay', 'alessandro'),
(1241, 'korean', 'Korea, South', 'alessandro'),
(1242, 'brasilian', 'Suriname', 'alessandro'),
(1243, 'giacomo', 'Argentina', 'alessandro'),
(1244, 'brasilian', 'Brazil', 'alessandro'),
(1245, 'brasilian', 'French Guiana', 'alessandro'),
(1246, 'alessandro', 'Saint Martin (French part)', 'alessandro'),
(1247, 'RubenCast', 'French Southern Lands', 'alessandro'),
(1248, 'alessandro', 'Saint Vincent and the Grenadines', 'alessandro'),
(1249, 'alessandro', 'Anguilla', 'alessandro'),
(1250, 'korean', 'Korea, South', 'alessandro'),
(1251, 'alessandro', 'Puerto Rico', 'alessandro'),
(1252, 'RubenCast', 'Bouvet Island', 'alessandro'),
(1253, 'giacomo', 'Zimbabwe', 'alessandro'),
(1254, 'chan', 'Wallis and Futuna Islands', 'alessandro'),
(1255, 'RubenCast', 'Mongolia', 'alessandro'),
(1256, 'RubenCast', 'Heard and McDonald Islands', 'alessandro'),
(1257, 'chan', 'China', 'alessandro'),
(1258, 'giacomo', 'Chile', 'alessandro'),
(1259, 'brasilian', 'Canada', 'alessandro'),
(1260, 'brasilian', 'Ecuador', 'alessandro'),
(1261, 'chan', 'China', 'alessandro'),
(1262, 'chan', 'China', 'alessandro'),
(1263, 'chan', 'China', 'alessandro'),
(1264, 'brasilian', 'Brazil', 'alessandro'),
(1265, 'giacomo', 'Uruguay', 'alessandro'),
(1266, 'alessandro', 'South Africa', 'alessandro'),
(1267, 'alessandro', 'Martinique', 'alessandro'),
(1268, 'brasilian', 'Falkland Islands', 'alessandro'),
(1269, 'giacomo', 'Reunion', 'alessandro'),
(1270, 'RubenCast', 'Antarctica', 'alessandro'),
(1271, 'brasilian', 'Armenia', 'alessandro'),
(1272, 'alessandro', 'Montserrat', 'alessandro'),
(1273, 'RubenCast', 'French Southern Lands', 'alessandro'),
(1274, 'giacomo', 'Argentina', 'alessandro'),
(1275, 'korean', 'Turkmenistan', 'alessandro'),
(1276, 'chan', 'Chad', 'alessandro'),
(1277, 'giacomo', 'Guadeloupe', 'alessandro'),
(1278, 'alessandro', 'Antigua and Barbuda', 'giacomo'),
(1279, 'brasilian', 'Brazil', 'giacomo'),
(1280, 'giacomo', 'Argentina', 'giacomo'),
(1281, 'korean', 'Korea, South', 'giacomo'),
(1282, 'korean', 'Saudi Arabia', 'giacomo'),
(1283, 'chan', 'China', 'giacomo'),
(1284, 'brasilian', 'Brazil', 'giacomo'),
(1285, 'brasilian', 'Paraguay', 'giacomo'),
(1286, 'brasilian', 'Sri Lanka', 'giacomo'),
(1287, 'giacomo', 'Finland', 'giacomo'),
(1288, 'RubenCast', 'Heard and McDonald Islands', 'giacomo'),
(1289, 'giacomo', 'Argentina', 'giacomo'),
(1290, 'korean', 'Korea, South', 'giacomo'),
(1291, 'korean', 'Korea, South', 'giacomo'),
(1292, 'korean', 'Korea, South', 'alessandro'),
(1293, 'korean', 'Cape Verde', 'alessandro'),
(1294, 'giacomo', 'Argentina', 'alessandro'),
(1295, 'chan', 'Åland', 'alessandro'),
(1296, 'brasilian', 'Colombia', 'alessandro'),
(1297, 'chan', 'Bahrain', 'alessandro'),
(1298, 'alessandro', 'Nigeria', 'alessandro'),
(1299, 'chan', 'Bangladesh', 'alessandro'),
(1300, 'brasilian', 'Paraguay', 'alessandro'),
(1301, 'giacomo', 'Falkland Islands', 'alessandro'),
(1302, 'alessandro', 'Netherlands Antilles', 'alessandro'),
(1303, 'brasilian', 'Bolivia', 'alessandro'),
(1304, 'giacomo', 'Argentina', 'alessandro'),
(1305, 'brasilian', 'El Salvador', 'alessandro'),
(1306, 'brasilian', 'Paraguay', 'alessandro'),
(1307, 'chan', 'Korea, North', 'alessandro'),
(1308, 'alessandro', 'Dominican Republic', 'alessandro'),
(1309, 'RubenCast', 'Bouvet Island', 'alessandro'),
(1310, 'brasilian', 'French Guiana', 'alessandro'),
(1311, 'brasilian', 'Brazil', 'alessandro'),
(1312, 'brasilian', 'Guyana', 'alessandro'),
(1313, 'RubenCast', 'Angola', 'alessandro'),
(1314, 'chan', 'Saint Helena', 'alessandro'),
(1315, 'chan', 'China', 'alessandro'),
(1316, 'chan', 'Bahrain', 'alessandro'),
(1317, 'RubenCast', 'French Southern Lands', 'alessandro'),
(1318, 'alessandro', 'Antigua and Barbuda', 'alessandro'),
(1319, 'korean', 'Turkey', 'alessandro'),
(1320, 'RubenCast', 'South Georgia and South Sandwich Islands', 'alessandro'),
(1321, 'alessandro', 'Nicaragua', 'alessandro'),
(1322, 'korean', 'Korea, South', 'giacomo'),
(1323, 'giacomo', 'Argentina', 'giacomo'),
(1324, 'RubenCast', 'French Southern Lands', 'giacomo'),
(1325, 'giacomo', 'Ecuador', 'giacomo'),
(1326, 'korean', 'Malaysia', 'giacomo'),
(1327, 'giacomo', 'Lithuania', 'alessandro'),
(1328, 'alessandro', 'Saint Pierre and Miquelon', 'alessandro'),
(1329, 'korean', 'Croatia', 'alessandro'),
(1330, 'chan', 'Tajikistan', 'alessandro'),
(1331, 'brasilian', 'Portugal', 'alessandro'),
(1332, 'korean', 'Korea, South', 'alessandro'),
(1333, 'alessandro', 'Dominica', 'alessandro'),
(1334, 'giacomo', 'Bermuda', 'alessandro'),
(1335, 'chan', 'Vietnam', 'alessandro'),
(1336, 'brasilian', 'Bolivia', 'alessandro'),
(1337, 'alessandro', 'Antigua and Barbuda', 'alessandro'),
(1338, 'chan', 'China', 'alessandro'),
(1339, 'giacomo', 'Colombia', 'alessandro'),
(1340, 'brasilian', 'Bolivia', 'alessandro'),
(1341, 'korean', 'Sweden', 'alessandro'),
(1342, 'chan', 'China', 'alessandro'),
(1343, 'alessandro', 'Trinidad and Tobago', 'alessandro'),
(1344, 'RubenCast', 'Antarctica', 'alessandro'),
(1345, 'giacomo', 'Argentina', 'alessandro'),
(1346, 'alessandro', 'China', 'alessandro'),
(1347, 'chan', 'China', 'giacomo'),
(1348, 'RubenCast', 'Antarctica', 'giacomo'),
(1349, 'chan', 'China', 'giacomo'),
(1350, 'RubenCast', 'South Georgia and South Sandwich Islands', 'giacomo'),
(1351, 'brasilian', 'Brazil', 'giacomo'),
(1352, 'brasilian', 'Dominica', 'giacomo'),
(1353, 'RubenCast', 'French Southern Lands', 'giacomo'),
(1354, 'brasilian', 'Guyana', 'giacomo'),
(1355, 'alessandro', 'Niger', 'giacomo'),
(1356, 'brasilian', 'Palau', 'giacomo'),
(1357, 'brasilian', 'Palau', 'giacomo'),
(1358, 'korean', 'Israel', 'giacomo'),
(1359, 'RubenCast', 'Brunei Darussalam', 'giacomo'),
(1360, 'korean', 'Korea, South', 'giacomo'),
(1361, 'korean', 'Thailand', 'giacomo'),
(1362, 'chan', 'China', 'giacomo'),
(1363, 'korean', 'Angola', 'giacomo'),
(1364, 'RubenCast', 'Antarctica', 'giacomo'),
(1365, 'alessandro', 'Poland', 'giacomo'),
(1366, 'brasilian', 'Brazil', 'giacomo'),
(1367, 'brasilian', 'Brazil', 'giacomo'),
(1368, 'alessandro', 'Guadeloupe', 'giacomo'),
(1369, 'chan', 'China', 'giacomo'),
(1370, 'brasilian', 'Guyana', 'giacomo'),
(1371, 'giacomo', 'Chile', 'giacomo'),
(1372, 'RubenCast', 'Antarctica', 'giacomo'),
(1373, 'RubenCast', 'Antarctica', 'giacomo'),
(1374, 'chan', 'Cyprus', 'giacomo'),
(1375, 'RubenCast', 'Heard and McDonald Islands', 'giacomo'),
(1376, 'alessandro', 'Nicaragua', 'giacomo'),
(1377, 'korean', 'Korea, South', 'giacomo'),
(1378, 'alessandro', 'Guinea', 'giacomo'),
(1379, 'chan', 'Malaysia', 'giacomo'),
(1380, 'RubenCast', 'Bouvet Island', 'giacomo'),
(1381, 'giacomo', 'Argentina', 'giacomo'),
(1382, 'alessandro', 'Macedonia', 'giacomo'),
(1383, 'korean', 'Korea, South', 'giacomo'),
(1384, 'chan', 'Bahrain', 'giacomo'),
(1385, 'alessandro', 'Saint Vincent and the Grenadines', 'giacomo'),
(1386, 'brasilian', 'Brazil', 'giacomo'),
(1387, 'RubenCast', 'Antarctica', 'giacomo'),
(1388, 'korean', 'Korea, South', 'giacomo'),
(1389, 'brasilian', 'French Guiana', 'giacomo'),
(1390, 'korean', 'Korea, South', 'giacomo'),
(1391, 'brasilian', 'Brazil', 'giacomo'),
(1392, 'chan', 'China', 'giacomo'),
(1393, 'giacomo', 'Argentina', 'giacomo'),
(1394, 'korean', 'Korea, South', 'giacomo'),
(1395, 'RubenCast', 'Antarctica', 'giacomo'),
(1396, 'chan', 'China', 'giacomo'),
(1397, 'chan', 'China', 'giacomo'),
(1398, 'RubenCast', 'Antarctica', 'giacomo'),
(1399, 'chan', 'China', 'giacomo'),
(1400, 'RubenCast', 'Antarctica', 'giacomo'),
(1401, 'chan', 'China', 'giacomo'),
(1402, 'chan', 'China', 'giacomo'),
(1403, 'RubenCast', 'Antarctica', 'giacomo'),
(1404, 'alessandro', 'Antigua and Barbuda', 'giacomo'),
(1405, 'RubenCast', 'Antarctica', 'giacomo'),
(1406, 'korean', 'Korea, South', 'giacomo'),
(1407, 'alessandro', 'Panama', 'giacomo'),
(1408, 'RubenCast', 'Romania', 'giacomo'),
(1409, 'chan', 'China', 'giacomo'),
(1410, 'RubenCast', 'Antarctica', 'giacomo'),
(1411, 'korean', 'Tajikistan', 'giacomo'),
(1412, 'alessandro', 'Gibraltar', 'giacomo'),
(1413, 'chan', 'China', 'giacomo'),
(1414, 'brasilian', 'Venezuela', 'giacomo'),
(1415, 'alessandro', 'Martinique', 'giacomo'),
(1416, 'korean', 'Iran', 'giacomo'),
(1417, 'giacomo', 'Argentina', 'giacomo'),
(1418, 'brasilian', 'Brazil', 'giacomo'),
(1419, 'alessandro', 'Bulgaria', 'giacomo'),
(1420, 'giacomo', 'Paraguay', 'giacomo'),
(1421, 'chan', 'Iraq', 'giacomo'),
(1422, 'alessandro', 'Antigua and Barbuda', 'giacomo'),
(1423, 'brasilian', 'Brazil', 'giacomo'),
(1424, 'alessandro', 'Antigua and Barbuda', 'giacomo'),
(1425, 'korean', 'Korea, South', 'giacomo'),
(1426, 'giacomo', 'Ecuador', 'giacomo'),
(1427, 'giacomo', 'Argentina', 'giacomo'),
(1428, 'alessandro', 'Antigua and Barbuda', 'giacomo'),
(1429, 'korean', 'Afghanistan', 'giacomo'),
(1430, 'chan', 'Japan', 'giacomo'),
(1431, 'RubenCast', 'Antarctica', 'giacomo'),
(1432, 'chan', 'Syria', 'giacomo'),
(1433, 'RubenCast', 'Niue', 'giacomo'),
(1434, 'giacomo', 'Suriname', 'giacomo'),
(1435, 'chan', 'Dominican Republic', 'giacomo'),
(1436, 'brasilian', 'Paraguay', 'giacomo'),
(1437, 'RubenCast', 'Antarctica', 'giacomo'),
(1438, 'alessandro', 'Mexico', 'giacomo'),
(1439, 'korean', 'Bahrain', 'giacomo'),
(1440, 'korean', 'Macau', 'giacomo'),
(1441, 'giacomo', 'Argentina', 'giacomo'),
(1442, 'brasilian', 'Brazil', 'giacomo'),
(1443, 'RubenCast', 'Rwanda', 'giacomo'),
(1444, 'brasilian', 'Maldives', 'giacomo'),
(1445, 'chan', 'China', 'giacomo'),
(1446, 'korean', 'Turks and Caicos Islands', 'giacomo'),
(1447, 'chan', 'Iraq', 'giacomo'),
(1448, 'chan', 'China', 'giacomo'),
(1449, 'giacomo', 'Argentina', 'giacomo'),
(1450, 'giacomo', 'Argentina', 'giacomo'),
(1451, 'giacomo', 'Argentina', 'giacomo'),
(1452, 'chan', 'Canada', 'giacomo'),
(1453, 'chan', 'Canada', 'giacomo'),
(1454, 'sadas', 'Åland', 'giacomo'),
(1455, 'chan', 'Timor-Leste', 'giacomo'),
(1456, 'chan', 'Afghanistan', 'giacomo'),
(1457, 'alessandro', 'Nicaragua', 'giacomo'),
(1458, 'alessandro', 'Antigua and Barbuda', 'giacomo'),
(1459, 'giacomo', 'Bolivia', 'giacomo'),
(1460, 'brasilian', 'Brazil', 'giacomo'),
(1461, 'alessandro', 'Anguilla', 'giacomo'),
(1462, 'RubenCast', 'Anguilla', 'giacomo'),
(1463, 'alessandro', 'Antigua and Barbuda', 'giacomo'),
(1464, 'korean', 'Korea, South', 'giacomo'),
(1465, 'ciao', 'Austria', 'ciao'),
(1466, 'ciao', 'Austria', 'ciao'),
(1467, 'korean', 'Indonesia', 'giacomo'),
(1468, 'alessandro', 'Haiti', 'giacomo'),
(1469, 'ciao', 'EU', 'giacomo'),
(1470, 'chan', 'Korea, North', 'giacomo'),
(1471, 'brasilian', 'Brazil', 'giacomo'),
(1472, 'korean', 'Korea, South', 'giacomo'),
(1473, 'brasilian', 'Brazil', 'giacomo'),
(1474, 'korean', 'Korea, South', 'giacomo'),
(1475, 'RubenCast', 'Antarctica', 'giacomo'),
(1476, 'RubenCast', 'Antarctica', 'giacomo'),
(1477, 'brasilian', 'Brazil', 'giacomo'),
(1478, 'alessandro', 'Saint Pierre and Miquelon', 'giacomo'),
(1479, 'korean', 'Korea, South', 'giacomo'),
(1480, 'giacomo', 'Argentina', 'giacomo'),
(1481, 'alessandro', 'Cape Verde', 'giacomo'),
(1482, 'alessandro', 'Cayman Islands', 'giacomo'),
(1483, 'korean', 'Korea, South', 'giacomo'),
(1484, 'chan', 'Oman', 'giacomo'),
(1485, 'giacomo', 'Argentina', 'giacomo'),
(1486, 'chan', 'Congo (Brazzaville)', 'giacomo'),
(1487, 'chan', 'Syria', 'giacomo'),
(1488, 'RubenCast', 'Martinique', 'giacomo'),
(1489, 'RubenCast', 'Antarctica', 'giacomo'),
(1490, 'korean', 'Sri Lanka', 'giacomo'),
(1491, 'RubenCast', 'Nicaragua', 'giacomo'),
(1492, 'alessandro', 'Dominica', 'giacomo'),
(1493, 'chan', 'China', 'giacomo'),
(1494, 'chan', 'China', 'giacomo'),
(1495, 'giacomo', 'Argentina', 'giacomo'),
(1496, 'chan', 'China', 'giacomo'),
(1497, 'giacomo', 'Argentina', 'giacomo'),
(1498, 'chan', 'China', 'giacomo'),
(1499, 'brasilian', 'Brazil', 'giacomo'),
(1500, 'chan', 'China', 'giacomo'),
(1501, 'brasilian', 'Brazil', 'giacomo'),
(1502, 'alessandro', 'Antigua and Barbuda', 'giacomo'),
(1503, 'alessandro', 'Saint Pierre and Miquelon', 'giacomo'),
(1504, 'alessandro', 'Paraguay', 'giacomo'),
(1505, 'korean', 'Turkmenistan', 'giacomo'),
(1506, 'RubenCast', 'Antarctica', 'giacomo'),
(1507, 'alessandro', 'Antigua and Barbuda', 'giacomo'),
(1508, 'brasilian', 'Brazil', 'giacomo'),
(1509, 'korean', 'Nicaragua', 'giacomo'),
(1510, 'RubenCast', 'Antarctica', 'giacomo'),
(1511, 'alessandro', 'Netherlands Antilles', 'giacomo'),
(1512, 'giacomo', 'Argentina', 'giacomo'),
(1513, 'giacomo', 'French Guiana', 'giacomo'),
(1514, 'RubenCast', 'Monaco', 'giacomo'),
(1515, 'alessandro', 'Lithuania', 'giacomo'),
(1516, 'chan', 'China', 'giacomo'),
(1517, 'RubenCast', 'Antarctica', 'giacomo'),
(1518, 'giacomo', 'Argentina', 'giacomo'),
(1519, 'chan', 'China', 'giacomo'),
(1520, 'RubenCast', 'Antarctica', 'giacomo'),
(1521, 'brasilian', 'Brazil', 'giacomo'),
(1522, 'brasilian', 'Brazil', 'giacomo'),
(1523, 'brasilian', 'Brazil', 'giacomo'),
(1524, 'chan', 'China', 'giacomo'),
(1525, 'korean', 'Korea, South', 'giacomo'),
(1526, 'alessandro', 'Antigua and Barbuda', 'giacomo'),
(1527, 'brasilian', 'Brazil', 'giacomo'),
(1528, 'korean', 'Korea, South', 'giacomo'),
(1529, 'chan', 'China', 'giacomo'),
(1530, 'korean', 'Korea, South', 'giacomo'),
(1531, 'korean', 'Korea, South', 'giacomo'),
(1532, 'RubenCast', 'Antarctica', 'giacomo'),
(1533, 'korean', 'Korea, South', 'giacomo'),
(1534, 'chan', 'China', 'giacomo'),
(1535, 'chan', 'Heard and McDonald Islands', 'giacomo'),
(1536, 'RubenCast', 'Heard and McDonald Islands', 'giacomo'),
(1537, 'RubenCast', 'Antarctica', 'giacomo'),
(1538, 'RubenCast', 'Antarctica', 'Giacomo'),
(1539, 'brasilian', 'Brazil', 'Giacomo'),
(1540, 'RubenCast', 'Antarctica', 'Giacomo'),
(1541, 'brasilian', 'Brazil', 'Giacomo'),
(1542, 'RubenCast', 'Antarctica', 'Giacomo'),
(1543, 'chan', 'China', 'Giacomo'),
(1544, 'brasilian', 'Brazil', 'Giacomo'),
(1545, 'RubenCast', 'Antarctica', 'Giacomo'),
(1546, 'chan', 'China', 'Giacomo'),
(1547, 'alessandro', 'Antigua and Barbuda', 'Giacomo'),
(1548, 'brasilian', 'Brazil', 'Giacomo'),
(1549, 'korean', 'Korea, South', 'Giacomo'),
(1550, 'RubenCast', 'Antarctica', 'Giacomo'),
(1551, 'chan', 'China', 'Giacomo'),
(1552, 'RubenCast', 'Heard and McDonald Islands', 'Giacomo'),
(1553, 'korean', 'Palestine', 'Giacomo'),
(1554, 'chan', 'China', 'giacomo'),
(1555, 'giacomo', 'Argentina', 'giacomo'),
(1556, 'giacomo', 'Argentina', 'giacomo'),
(1557, 'giacomo', 'Argentina', 'giacomo'),
(1558, 'giacomo', 'Ecuador', 'giacomo'),
(1559, 'chan', 'China', 'giacomo'),
(1560, 'giacomo', 'Brazil', 'giacomo'),
(1561, 'chan', 'China', 'giacomo'),
(1562, 'RubenCast', 'Antarctica', 'ggadsd'),
(1563, 'korean', 'Korea, South', 'ggadsd'),
(1564, 'RubenCast', 'Antarctica', 'ggadsd'),
(1565, 'chan', 'China', 'giacomo'),
(1566, 'brasilian', 'Brazil', 'giacomo'),
(1567, 'RubenCast', 'Antarctica', 'giacomo'),
(1568, 'brasilian', 'Brazil', 'giacomo'),
(1569, 'chan', 'Kazakhstan', 'giacomo'),
(1570, 'RubenCast', 'Heard and McDonald Islands', 'giacomo'),
(1571, 'chan', 'China', 'giacomo'),
(1572, 'brasilian', 'Brazil', 'cameriere'),
(1573, 'chan', 'China', 'cameriere'),
(1574, 'alessandro', 'Antigua and Barbuda', 'cameriere'),
(1575, 'alessandro', 'Saint Kitts and Nevis', 'cameriere'),
(1576, 'chan', 'China', 'cameriere'),
(1577, 'brasilian', 'Brazil', 'cameriere'),
(1578, 'korean', 'Korea, South', 'giacomo'),
(1579, 'cameriere', 'Philippines', 'giacomo'),
(1580, 'chan', 'China', 'giacomo'),
(1581, 'brasilian', 'Suriname', 'giacomo'),
(1582, 'RubenCast', 'French Southern Lands', 'giacomo'),
(1583, 'korean', 'Korea, South', 'giacomo'),
(1584, 'cameriere', 'Timor-Leste', 'giacomo'),
(1585, 'korean', 'Korea, South', 'giacomo'),
(1586, 'alessandro', 'Bahamas', 'giacomo'),
(1587, 'korean', 'Hong Kong', 'giacomo'),
(1588, 'giacomo', 'Uruguay', 'giacomo'),
(1589, 'RubenCast', 'Antarctica', 'giacomo'),
(1590, 'giacomo', 'Argentina', 'giacomo'),
(1591, 'korean', 'Armenia', 'giacomo'),
(1592, 'chan', 'Uzbekistan', 'giacomo'),
(1593, 'alessandro', 'Antigua and Barbuda', 'giacomo'),
(1594, 'cameriere', 'Sri Lanka', 'giacomo'),
(1595, 'cameriere', 'Philippines', 'giacomo'),
(1596, 'cameriere', 'Philippines', 'giacomo'),
(1597, 'alessandro', 'Grenada', 'giacomo'),
(1598, 'chan', 'China', 'giacomo'),
(1599, 'brasilian', 'Brazil', 'giacomo'),
(1600, 'RubenCast', 'Antarctica', 'giacomo'),
(1601, 'giacomo', 'Guyana', 'giacomo'),
(1602, 'korean', 'Korea, South', 'giacomo'),
(1603, 'cameriere', 'Hong Kong', 'giacomo'),
(1604, 'RubenCast', 'Bouvet Island', 'giacomo'),
(1605, 'cameriere', 'Philippines', 'giacomo'),
(1606, 'giacomo', 'Argentina', 'giacomo'),
(1607, 'cameriere', 'Iran', 'giacomo'),
(1608, 'RubenCast', 'Heard and McDonald Islands', 'giacomo'),
(1609, 'korean', 'Korea, South', 'giacomo'),
(1610, 'alessandro', 'Barbados', 'giacomo'),
(1611, 'RubenCast', 'Heard and McDonald Islands', 'giacomo'),
(1612, 'brasilian', 'Mali', 'giacomo'),
(1613, 'RubenCast', 'Antarctica', 'giacomo'),
(1614, 'alessandro', 'Virgin Islands, U.S.', 'giacomo'),
(1615, 'brasilian', 'Venezuela', 'giacomo'),
(1616, 'korean', 'Cyprus', 'giacomo'),
(1617, 'brasilian', 'Venezuela', 'giacomo'),
(1618, 'RubenCast', 'Bouvet Island', 'giacomo'),
(1619, 'cameriere', 'Philippines', 'giacomo'),
(1620, 'korean', 'Bosnia and Herzegovina', 'giacomo'),
(1621, 'cameriere', 'Philippines', 'giacomo'),
(1622, 'chan', 'China', 'giacomo'),
(1623, 'RubenCast', 'Bahamas', 'giacomo'),
(1624, 'giacomo', 'Peru', 'giacomo'),
(1625, 'RubenCast', 'Antarctica', 'giacomo'),
(1626, 'RubenCast', 'Antarctica', 'alessandro'),
(1627, 'giacomo', 'Argentina', 'alessandro'),
(1628, 'korean', 'Korea, South', 'alessandro'),
(1629, 'korean', 'Korea, South', 'alessandro'),
(1630, 'RubenCast', 'Antarctica', 'alessandro'),
(1631, 'korean', 'Bahrain', 'alessandro'),
(1632, 'RubenCast', 'Antarctica', 'alessandro'),
(1633, 'messicano', 'Mexico', 'messicano'),
(1634, 'messicano', 'Mexico', 'messicano'),
(1635, 'francese', 'France', 'messicano'),
(1636, 'korean', 'Korea, South', 'messicano'),
(1637, 'korean', 'Korea, South', 'messicano'),
(1638, 'cameriere', 'Philippines', 'messicano'),
(1639, 'cameriere', 'Philippines', 'messicano'),
(1640, 'cameriere', 'Philippines', 'messicano'),
(1641, 'messicano', 'Mexico', 'messicano'),
(1642, 'francese', 'France', 'messicano'),
(1643, 'korean', 'Korea, South', 'messicano'),
(1644, 'irish', 'Ireland', 'irish'),
(1645, 'irish', 'Ireland', 'irish'),
(1646, 'korean', 'Korea, South', 'irish'),
(1647, 'francese', 'France', 'irish'),
(1648, 'irish', 'Svalbard and Jan Mayen Islands', 'irish'),
(1649, 'irish', 'Netherlands', 'irish'),
(1650, 'chan', 'India', 'irish'),
(1651, 'alessandro', 'Mexico', 'moroccan'),
(1652, 'messicano', 'Mexico', 'moroccan'),
(1653, 'danish', 'Netherlands', 'moroccan'),
(1654, 'australian', 'Australia', 'moroccan'),
(1655, 'irish', 'Ireland', 'moroccan'),
(1656, 'chan', 'China', 'moroccan'),
(1657, 'messicano', 'Mexico', 'moroccan'),
(1658, 'francese', 'Russian Federation', 'alessandro'),
(1659, 'messicano', 'Mexico', 'alessandro'),
(1660, 'francese', 'Switzerland', 'alessandro'),
(1661, 'moroccan', 'Morocco', 'alessandro'),
(1662, 'iranian', 'Iran', 'alessandro'),
(1663, 'moroccan', 'Morocco', 'alessandro'),
(1664, 'australian', 'Australia', 'alessandro'),
(1665, 'russian', 'Russian Federation', 'alessandro'),
(1666, 'cameriere', 'Iraq', 'thai'),
(1667, 'korean', 'Korea, North', 'thai'),
(1668, 'francese', 'France', 'thai'),
(1669, 'messicano', 'Mexico', 'thai'),
(1670, 'brasilian', 'Brazil', 'italian'),
(1671, 'brasilian', 'Brazil', 'italian'),
(1672, 'cameriere', 'Cook Islands', 'italian'),
(1673, 'francese', 'French Southern Lands', 'italian'),
(1674, 'korean', 'Central African Republic', 'italian'),
(1675, 'moroccan', 'Morocco', 'italian'),
(1676, 'francese', 'France', 'italian'),
(1677, 'francese', 'France', 'italian'),
(1678, 'irish', 'Ireland', 'italian'),
(1679, 'korean', 'Korea, South', 'alessandro'),
(1680, 'russian', 'Russian Federation', 'alessandro'),
(1681, 'messicano', 'Mexico', 'alessandro'),
(1682, 'francese', 'France', 'alessandro'),
(1683, 'kenyan', 'Guadeloupe', 'alessandro'),
(1684, 'cameriere', 'Laos', 'alessandro'),
(1685, 'cameriere', 'Philippines', 'alessandro'),
(1686, 'thai', 'Thailand', 'alessandro'),
(1687, 'francese', 'France', 'alessandro'),
(1688, 'italian', 'Italy', 'alessandro'),
(1689, 'brasilian', 'Brazil', 'alessandro'),
(1690, 'messicano', 'Mexico', 'alessandro'),
(1691, 'cameriere', 'Philippines', 'alessandro'),
(1692, 'brasilian', 'Brazil', 'alessandro'),
(1693, 'danish', 'France', 'alessandro'),
(1694, 'francese', 'France', 'alessandro'),
(1695, 'iranian', 'Pakistan', 'alessandro'),
(1696, 'russian', 'Russian Federation', 'alessandro'),
(1697, 'russian', 'Russian Federation', 'alessandro'),
(1698, 'cameriere', 'Philippines', 'alessandro'),
(1699, 'francese', 'France', 'alessandro'),
(1700, 'australian', 'United States Minor Outlying Islands', 'alessandro'),
(1701, 'grec', 'Greece', 'alessandro'),
(1702, 'danish', 'Montenegro', 'alessandro'),
(1703, 'australian', 'Australia', 'alessandro'),
(1704, 'moroccan', 'Morocco', 'alessandro'),
(1705, 'irish', 'Ireland', 'alessandro'),
(1706, 'iranian', 'Iran', 'alessandro'),
(1707, 'italian', 'Italy', 'alessandro'),
(1708, 'danish', 'Netherlands', 'alessandro'),
(1709, 'australian', 'Ukraine', 'alessandro'),
(1710, 'brasilian', 'Chile', 'alessandro'),
(1711, 'messicano', 'Mexico', 'alessandro'),
(1712, 'moroccan', 'Morocco', 'alessandro'),
(1713, 'grec', 'Greece', 'alessandro'),
(1714, 'korean', 'Korea, South', 'alessandro'),
(1715, 'korean', 'Korea, South', 'alessandro'),
(1716, 'thai', 'Vietnam', 'alessandro'),
(1717, 'chan', 'China', 'alessandro'),
(1718, 'australian', 'Australia', 'alessandro'),
(1719, 'grec', 'Greece', 'alessandro'),
(1720, 'kenyan', 'Western Sahara', 'alessandro'),
(1721, 'danish', 'Czech Republic', 'alessandro'),
(1722, 'francese', 'France', 'alessandro'),
(1723, 'messicano', 'Mexico', 'alessandro'),
(1724, 'francese', 'France', 'alessandro'),
(1725, 'iranian', 'Palestine', 'alessandro'),
(1726, 'cameriere', 'Philippines', 'alessandro'),
(1727, 'brasilian', 'Falkland Islands', 'alessandro'),
(1728, 'alessandro', 'Antigua and Barbuda', 'alessandro'),
(1729, '', '', ''),
(1730, '', '', ''),
(1731, '', '', '');

--
-- Indexes for dumped tables
--

--
-- Indexes for table `continents`
--
ALTER TABLE `continents`
  ADD PRIMARY KEY (`code`);

--
-- Indexes for table `countries`
--
ALTER TABLE `countries`
  ADD PRIMARY KEY (`country_id`),
  ADD UNIQUE KEY `idx_code` (`code`) USING BTREE,
  ADD KEY `idx_continent_code` (`continent_code`) USING BTREE;

--
-- Indexes for table `people`
--
ALTER TABLE `people`
  ADD PRIMARY KEY (`id`);

--
-- Indexes for table `votes`
--
ALTER TABLE `votes`
  ADD PRIMARY KEY (`id`);

--
-- AUTO_INCREMENT for dumped tables
--

--
-- AUTO_INCREMENT for table `countries`
--
ALTER TABLE `countries`
  MODIFY `country_id` int(11) NOT NULL AUTO_INCREMENT, AUTO_INCREMENT=247;

--
-- AUTO_INCREMENT for table `people`
--
ALTER TABLE `people`
  MODIFY `id` int(11) NOT NULL AUTO_INCREMENT, AUTO_INCREMENT=29;

--
-- AUTO_INCREMENT for table `votes`
--
ALTER TABLE `votes`
  MODIFY `id` int(11) NOT NULL AUTO_INCREMENT, AUTO_INCREMENT=1732;

--
-- Constraints for dumped tables
--

--
-- Constraints for table `countries`
--
ALTER TABLE `countries`
  ADD CONSTRAINT `countries_ibfk_1` FOREIGN KEY (`continent_code`) REFERENCES `continents` (`code`) ON UPDATE CASCADE;
COMMIT;

/*!40101 SET CHARACTER_SET_CLIENT=@OLD_CHARACTER_SET_CLIENT */;
/*!40101 SET CHARACTER_SET_RESULTS=@OLD_CHARACTER_SET_RESULTS */;
/*!40101 SET COLLATION_CONNECTION=@OLD_COLLATION_CONNECTION */;
